lambda,rho,Kf_cond,Kc_conds
"[  0   1   2   3   4   5   6   7   8   9  10  11  12  13  14  15  16  17
  18  19  20  21  22  23  24  25  26  27  28  29  30  31  32  33  34  35
  36  37  38  39  40  41  42  43  44  45  46  47  48  49  50  51  52  53
  54  55  56  57  58  59  60  61  62  63  64  65  66  67  68  69  70  71
  72  73  74  75  76  77  78  79  80  81  82  83  84  85  86  87  88  89
  90  91  92  93  94  95  96  97  98  99 100 101 102 103 104 105 106 107
 108 109 110 111 112 113 114 115 116 117 118 119 120 121 122 123 124 125
 126 127 128 129 130 131 132 133 134 135 136 137 138 139 140 141 142 143
 144 145 146 147 148 149 150 151 152 153 154 155 156 157 158 159 160 161
 162 163 164 165 166 167 168 169 170 171 172 173 174 175 176 177 178 179
 180 181 182 183 184 185 186 187 188 189 190 191 192 193 194 195 196 197
 198 199 200 201 202 203 204 205 206 207 208 209 210 211 212 213 214 215
 216 217 218 219 220 221 222 223 224 225 226 227 228 229 230 231 232 233
 234 235 236 237 238 239 240 241 242 243 244 245 246 247 248 249 250 251
 252 253 254 255 256 257 258 259 260 261 262 263 264 265 266 267 268 269
 270 271 272 273 274 275 276 277 278 279 280 281 282 283 284 285 286 287
 288 289 290 291 292 293 294 295 296 297 298 299 300 301 302 303 304 305
 306 307 308 309 310 311 312 313 314 315 316 317 318 319 320 321 322 323
 324 325 326 327 328 329 330 331 332 333 334 335 336 337 338 339 340 341
 342 343 344 345 346 347 348 349 350 351 352 353 354 355 356 357 358 359
 360 361 362 363 364 365 366 367 368 369 370 371 372 373 374 375 376 377
 378 379 380 381 382 383 384 385 386 387 388 389 390 391 392 393 394 395
 396 397 398 399 400 401 402 403 404 405 406 407 408 409 410 411 412 413
 414 415 416 417 418 419 420 421 422 423 424 425 426 427 428 429 430 431
 432 433 434 435 436 437 438 439 440 441 442 443 444 445 446 447 448 449
 450 451 452 453 454 455 456 457 458 459 460 461 462 463 464 465 466 467
 468 469 470 471 472 473 474 475 476 477 478 479 480 481 482 483 484 485
 486 487 488 489 490 491 492 493 494 495 496 497 498 499 500 501 502 503
 504 505 506 507 508 509 510 511 512 513 514 515 516 517 518 519 520 521
 522 523 524 525 526 527 528 529 530 531 532 533 534 535 536 537 538 539
 540 541 542 543 544 545 546 547 548 549 550 551 552 553 554 555 556 557
 558 559 560 561 562 563 564 565 566 567 568 569 570 571 572 573 574 575
 576 577 578 579 580 581 582 583 584 585 586 587 588 589 590 591 592 593
 594 595 596 597 598 599 600 601 602 603 604 605 606 607 608 609 610 611
 612 613 614 615 616 617 618 619 620 621 622 623 624 625 626 627 628 629
 630 631 632 633 634 635 636 637 638 639 640 641 642 643 644 645 646 647
 648 649 650 651 652 653 654 655 656 657 658 659 660 661 662 663 664 665
 666 667 668 669 670 671 672 673 674 675 676 677 678 679 680 681 682 683
 684 685 686 687 688 689 690 691 692 693 694 695 696 697 698 699 700 701
 702 703 704 705 706 707 708 709 710 711 712 713 714 715 716 717 718 719
 720 721 722 723 724 725 726 727 728 729 730 731 732 733 734 735 736 737
 738 739 740 741 742 743 744 745 746 747 748 749 750 751 752 753 754 755
 756 757 758 759 760 761 762 763 764 765 766 767 768 769 770 771 772 773
 774 775 776 777 778 779 780 781 782 783 784 785 786 787 788 789 790 791
 792 793 794 795 796 797 798 799 800 801 802 803 804 805 806 807 808 809
 810 811 812 813 814 815 816 817 818 819 820 821 822 823 824 825 826 827
 828 829 830 831 832 833 834 835 836 837 838 839 840 841 842 843 844 845
 846 847 848 849 850 851 852 853 854 855 856 857 858 859 860 861 862 863
 864 865 866 867 868 869 870 871 872 873 874 875 876 877 878 879 880 881
 882 883 884 885 886 887 888 889 890 891 892 893 894 895 896 897 898 899
 900 901 902 903 904 905 906 907 908 909 910 911 912 913 914 915 916 917
 918 919 920 921 922 923 924 925 926 927 928 929 930 931 932 933 934 935
 936 937 938 939 940 941 942 943 944 945 946 947 948 949 950 951 952 953
 954 955 956 957 958 959 960 961 962 963 964 965 966 967 968 969 970 971
 972 973 974 975 976 977 978 979 980 981 982 983 984 985 986 987 988 989
 990 991 992 993 994 995 996 997 998 999]","[0.03862768 0.04604411 0.05752432 0.06682539 0.06210083 0.04149663
 0.1011852  0.09253418 0.09969974 0.09661925 0.11196303 0.13697487
 0.13148499 0.13499826 0.15952677 0.13261902 0.18308735 0.15508479
 0.15861726 0.15880752 0.14815271 0.21074659 0.17946637 0.19911122
 0.20565021 0.19382912 0.17209762 0.20899588 0.22853345 0.24930423
 0.23256397 0.22060877 0.24690795 0.22953415 0.23888057 0.27419859
 0.22471368 0.26608342 0.25459373 0.26032168 0.26674771 0.27507019
 0.28906304 0.28429806 0.26779664 0.27884316 0.29032427 0.30729127
 0.30136925 0.29504395 0.31414735 0.3202194  0.29777527 0.31659096
 0.3329919  0.31863028 0.34215671 0.32533896 0.32086682 0.32415938
 0.31323391 0.31931126 0.34543622 0.3390922  0.31638896 0.33990347
 0.3439647  0.34380674 0.36458725 0.37788171 0.35405612 0.34195727
 0.37781131 0.36825299 0.38466114 0.38367409 0.39108253 0.37737554
 0.39123356 0.38345039 0.37730229 0.38202304 0.41214418 0.38104415
 0.39093405 0.41189867 0.41875893 0.38881683 0.41556829 0.39216274
 0.37685287 0.41526353 0.42398793 0.42352897 0.41710424 0.42785114
 0.4092961  0.42532092 0.41307211 0.39112723 0.44289386 0.41294944
 0.41395211 0.44362289 0.45261723 0.4143942  0.4519828  0.44764936
 0.46319062 0.43852258 0.48668134 0.42783499 0.43838906 0.45781285
 0.44844365 0.47135073 0.43820745 0.46990401 0.46575564 0.46545279
 0.46719784 0.45939565 0.44874418 0.45450187 0.47097111 0.45512909
 0.45982897 0.48421109 0.48611772 0.46714228 0.50076675 0.47081888
 0.49678493 0.48411363 0.49212772 0.50779176 0.50124848 0.49291575
 0.45892501 0.50343084 0.48544902 0.48807317 0.50916421 0.49566984
 0.49545854 0.48780543 0.49216104 0.46213186 0.47335058 0.47994757
 0.49281228 0.51443118 0.49278539 0.51032114 0.51158029 0.5214355
 0.4804284  0.49647504 0.50096232 0.54286599 0.53166831 0.50998056
 0.50466555 0.48137033 0.51501167 0.52234697 0.51737344 0.50110996
 0.51379693 0.50253898 0.5021286  0.53421807 0.51882303 0.53825122
 0.5343349  0.52126068 0.52658319 0.5224492  0.5079236  0.54203409
 0.54290497 0.5263955  0.51742762 0.554546   0.52704966 0.52623951
 0.52855855 0.51850134 0.52468932 0.53024948 0.53480589 0.51735193
 0.55464745 0.51956022 0.54008055 0.54384029 0.55867302 0.54062253
 0.53717041 0.54872942 0.5351541  0.53083587 0.53371775 0.54750299
 0.55982393 0.5488075  0.54449451 0.53566587 0.56972229 0.53525108
 0.57008177 0.5622853  0.54183745 0.55612797 0.53307116 0.54499179
 0.56228346 0.560902   0.55100679 0.56978595 0.56271964 0.56341481
 0.55361181 0.55058813 0.5313673  0.54912424 0.5319711  0.52405608
 0.56029642 0.56239527 0.56459135 0.56223691 0.5537014  0.54905522
 0.5589745  0.5741058  0.57442427 0.55813968 0.56673288 0.57917321
 0.56640661 0.59400272 0.55737662 0.57832998 0.5938133  0.58882213
 0.56100506 0.57532823 0.52830964 0.58003479 0.57456952 0.56200469
 0.56199932 0.54909819 0.56667566 0.55376935 0.56748849 0.58167028
 0.56131685 0.56999707 0.58247125 0.60937595 0.56028312 0.58262676
 0.57715178 0.5752666  0.57182926 0.58702028 0.59096885 0.60603082
 0.569139   0.60683382 0.58668005 0.58326387 0.59221649 0.57278466
 0.55411655 0.6181376  0.57556069 0.59694779 0.57506174 0.57874262
 0.59171569 0.59827405 0.60093611 0.60387206 0.58504236 0.57789266
 0.59652841 0.61390841 0.59835225 0.59286237 0.58195007 0.60310966
 0.59993565 0.5752126  0.60492092 0.59469473 0.59501302 0.60373563
 0.59996247 0.5714255  0.59647942 0.58828574 0.6129297  0.58964586
 0.61292183 0.59497732 0.59020877 0.59973305 0.61512518 0.58515835
 0.60797441 0.59750354 0.59723115 0.5994969  0.59813112 0.59160376
 0.60860801 0.61496866 0.62817991 0.62515581 0.59936798 0.62821358
 0.598019   0.61657989 0.61205482 0.60623562 0.61396515 0.5931139
 0.61815929 0.61877024 0.6147005  0.59384024 0.61471891 0.63524342
 0.62318659 0.60788238 0.62134951 0.62596476 0.62133396 0.62945032
 0.61306715 0.61254805 0.60584939 0.59286863 0.60687679 0.61377364
 0.63021153 0.60917759 0.6314038  0.61163962 0.60544306 0.63952696
 0.59575844 0.62569487 0.62524605 0.58626473 0.58905435 0.62879443
 0.58701622 0.61659324 0.61379611 0.62463546 0.61466122 0.60644543
 0.62854302 0.6323064  0.63609707 0.60005498 0.63002694 0.61958921
 0.62489128 0.62385249 0.62369639 0.63017726 0.59774172 0.63075125
 0.65119171 0.63070035 0.61501694 0.60889703 0.63507712 0.60703802
 0.63190806 0.60109591 0.61401081 0.62547123 0.63486958 0.63282138
 0.65883338 0.64046788 0.64608538 0.60485679 0.62084162 0.63960898
 0.62015331 0.61864036 0.63161033 0.6426965  0.63465357 0.63387513
 0.62785822 0.60968035 0.62103093 0.6196143  0.62041092 0.65180099
 0.62975729 0.64150393 0.63855505 0.62938559 0.64722437 0.62674534
 0.6570099  0.64118052 0.63890946 0.63326943 0.62119353 0.63607097
 0.6108582  0.61773241 0.64977962 0.63202429 0.65587163 0.6295169
 0.67051053 0.66804469 0.63762796 0.62104237 0.64086932 0.62025213
 0.63098323 0.63373411 0.64178801 0.63537717 0.64679092 0.62814093
 0.62946928 0.64201176 0.60764349 0.62134254 0.64746094 0.62566411
 0.62408572 0.63841599 0.63449526 0.64025819 0.63752127 0.64724898
 0.63560873 0.63151532 0.65548581 0.63562918 0.64053655 0.65694278
 0.63424242 0.63289666 0.6176638  0.65322292 0.64140868 0.6285857
 0.63827491 0.65157038 0.62319207 0.64275056 0.66701853 0.66198039
 0.64682734 0.65569389 0.64078403 0.66176903 0.62682909 0.6491946
 0.61939263 0.62359977 0.65799636 0.65658963 0.65280557 0.62850487
 0.6651296  0.62232739 0.64335442 0.64275265 0.65512896 0.63985097
 0.66780186 0.66169    0.66743326 0.63954568 0.6630832  0.62865889
 0.65469646 0.65379381 0.67087746 0.64128524 0.64934349 0.64710063
 0.66528404 0.62981623 0.64680111 0.64327884 0.64448112 0.63353312
 0.65508491 0.65395045 0.65377873 0.63676625 0.65527511 0.64580059
 0.64051533 0.65484512 0.66094619 0.65937972 0.64419365 0.63520479
 0.6487999  0.64414728 0.65258038 0.64459133 0.64894187 0.65624148
 0.65953112 0.65152335 0.66856581 0.66159302 0.65229642 0.64782584
 0.65924311 0.66074926 0.6179983  0.65088403 0.64972073 0.66284955
 0.66504651 0.64182413 0.65971595 0.64788222 0.64177269 0.65142858
 0.67728019 0.64307225 0.65776813 0.65915418 0.63897336 0.65936035
 0.66016078 0.66934788 0.66845995 0.63772285 0.64280128 0.63407195
 0.65430719 0.66310745 0.64892966 0.6622988  0.66027683 0.65719175
 0.68510997 0.6879164  0.66983747 0.67229819 0.6638146  0.64488614
 0.64539373 0.67374849 0.66408449 0.65463054 0.66795623 0.67243814
 0.64487183 0.6681217  0.65848613 0.67088604 0.64662784 0.65538275
 0.65100908 0.68444842 0.66315234 0.67235702 0.6506688  0.63321179
 0.67604709 0.66866773 0.65336573 0.67376918 0.66820252 0.67547458
 0.65387666 0.65080678 0.65602338 0.66288948 0.68207836 0.6331259
 0.64617884 0.65759861 0.66384673 0.67814898 0.67845124 0.66563624
 0.66958135 0.68665004 0.68969738 0.66783887 0.67494935 0.66750479
 0.66081893 0.68055952 0.65258157 0.67163539 0.6640234  0.68473434
 0.66766405 0.67230475 0.65782815 0.6815033  0.68154699 0.6807068
 0.66931611 0.67230749 0.66537583 0.65779293 0.67145526 0.66264224
 0.68208474 0.66028857 0.69167507 0.66033036 0.67913169 0.67067826
 0.64282167 0.6492058  0.67645955 0.67172074 0.68904054 0.66609854
 0.67896074 0.6712569  0.6826672  0.67036366 0.64982545 0.67761654
 0.6619494  0.64370328 0.67624342 0.68210274 0.66426373 0.67811239
 0.6534934  0.65461564 0.66320682 0.66891336 0.68638778 0.65404755
 0.67950398 0.67994285 0.68326545 0.67972159 0.66363043 0.67372441
 0.67252314 0.66390997 0.6693145  0.6757915  0.66982508 0.65616935
 0.67282051 0.67222047 0.65177214 0.62997979 0.67412448 0.68681562
 0.6782527  0.66035557 0.69558108 0.66230536 0.67300153 0.69019413
 0.68199837 0.67859089 0.66663212 0.68125272 0.6725049  0.67101026
 0.68959916 0.68448901 0.68698919 0.68086219 0.69298381 0.68633986
 0.67124486 0.67882603 0.69073749 0.66272146 0.67156088 0.65752149
 0.6620267  0.66111481 0.65731239 0.6615361  0.69596374 0.66647047
 0.66144693 0.67487001 0.66565335 0.66043508 0.6555382  0.67702138
 0.67916656 0.68180513 0.69765103 0.68285429 0.67554533 0.66914523
 0.69975495 0.68037605 0.6871314  0.66852808 0.69740188 0.66865993
 0.67549932 0.67751694 0.6715278  0.67424619 0.68796927 0.66680604
 0.68221843 0.67143798 0.68594241 0.68653595 0.66840124 0.6894691
 0.67668831 0.70217246 0.67320967 0.65916431 0.66206789 0.68529373
 0.68632054 0.67422879 0.68473434 0.68381989 0.67908996 0.68327481
 0.68511915 0.68398178 0.67468357 0.68695879 0.68429828 0.65701115
 0.66376209 0.69492483 0.69216508 0.66151893 0.67711812 0.69430935
 0.68183923 0.66583955 0.67049527 0.67425013 0.67899227 0.7037915
 0.69333613 0.68213981 0.6675806  0.68385172 0.68101692 0.68506664
 0.68041933 0.67484283 0.67297828 0.68566918 0.67240965 0.67962217
 0.68686819 0.66975665 0.67025316 0.68778598 0.69610167 0.67012966
 0.67925704 0.68205851 0.65733647 0.682091   0.69042647 0.69265532
 0.68036044 0.70172381 0.69943482 0.68728048 0.68075991 0.68410182
 0.68361461 0.67703843 0.66907918 0.68881214 0.67887503 0.682154
 0.68059456 0.66338974 0.66906321 0.68566054 0.67407513 0.70760185
 0.68557853 0.68189925 0.67674553 0.683887   0.6871165  0.69612205
 0.70869178 0.69120479 0.68995345 0.68230379 0.66740268 0.68460149
 0.68827999 0.6843251  0.67416596 0.68550014 0.68555534 0.70205754
 0.67643321 0.70166636 0.69176245 0.68475223 0.68930542 0.69451541
 0.69242662 0.69996536 0.69268936 0.67978394 0.68040144 0.66983896
 0.69918752 0.68964612 0.69139886 0.68520141 0.68324065 0.68453622
 0.69446576 0.68668729 0.68163359 0.66265082 0.6793738  0.68504405
 0.66757393 0.67532057 0.67129803 0.67272604 0.69343662 0.70158219
 0.67372721 0.67031384 0.6981976  0.67122495 0.71041733 0.68356252
 0.67702192 0.67311645 0.67160767 0.69209522 0.69251513 0.6890927
 0.67838597 0.70105314 0.68733346 0.69971925 0.68942702 0.69880927
 0.67596751 0.66701448 0.68779081 0.67243755 0.7064352  0.67811549
 0.68679339 0.7123276  0.68684816 0.68567014 0.67395902 0.69075567
 0.68190825 0.70154583 0.68496418 0.67245519 0.6896534  0.69358951
 0.67209059 0.67353904 0.68616152 0.68076277 0.69515324 0.68824136
 0.68520612 0.68003279 0.68146276 0.67526019 0.68740731 0.68960977
 0.69762176 0.67097747 0.69060159 0.6823194  0.68768126 0.69186848
 0.69866848 0.70644194 0.69411182 0.69432092 0.68585157 0.70056146
 0.6937629  0.67655456 0.67854869 0.6884135  0.68783391 0.69635928
 0.69361305 0.69506168 0.68603873 0.68755376 0.6920352  0.67874014
 0.69130212 0.70144415 0.69126797 0.6877569  0.7027328  0.67880595
 0.69269395 0.70271683 0.68599963 0.68652618 0.70878768 0.70074046
 0.69386935 0.67731786 0.69536841 0.68728828 0.68238604 0.69228673
 0.69228935 0.70197183 0.70225549 0.69199938 0.67354947 0.70665193
 0.69954938 0.68964553 0.70642161 0.68678784 0.69264746 0.7038421
 0.68909502 0.68261945 0.68928945 0.70653343 0.6988095  0.69331264
 0.69574642 0.72456515 0.70019788 0.70168853 0.68060648 0.6951443
 0.70608842 0.70697695 0.71677536 0.67336226 0.68303859 0.6749562
 0.68309677 0.67675167 0.68663442 0.68854439 0.68351585 0.70757616
 0.69271708 0.70180565 0.71151042 0.70018744 0.70312619 0.67918545
 0.70706284 0.69725871 0.70468479 0.70106113 0.68002862 0.70678961
 0.66430974 0.71403188 0.70244181 0.71553242 0.67896807 0.68736893
 0.69156331 0.70524573 0.70187914 0.6880824 ]","[262.65838623 131.82905579  88.21934509  66.41449738  53.33159256
  44.60965729  38.37970352  33.70724106  30.07309914  27.16578865
  24.78708076  22.80482292  21.12752914  19.68984795  18.44385719
  17.35361671  16.39163971  15.53654861  14.77146626  14.08289337
  13.45989799  12.89353943  12.3764286   11.90241051  11.46631432
  11.06376362  10.69103146  10.34492302  10.02268505   9.7219286
   9.4405756    9.17680836   8.9290266    8.69581985   8.4759388
   8.26827431   8.07183456   7.88573313   7.70917606   7.54144669
   7.38189936   7.229949     7.0850668    6.94676971   6.81461906
   6.6882143    6.56718874   6.45120525   6.33995628   6.23315716
   6.13054609   6.03188181   5.93694067   5.84551573   5.75741577
   5.67246199   5.59048891   5.51134253   5.43487883   5.3609643
   5.28947306   5.2202878    5.15329933   5.08840418   5.02550507
   4.96451283   4.90534067   4.84790945   4.79214239   4.73796892
   4.68532181   4.63413668   4.58435392   4.53591681   4.48877096
   4.44286633   4.39815378   4.35458755   4.31212473   4.27072287
   4.23034382   4.19094944   4.15250397   4.11497402   4.07832766
   4.04253292   4.00756121   3.97338462   3.93997574   3.90730929
   3.87536073   3.84410691   3.8135252    3.78359389   3.75429296
   3.72560239   3.69750357   3.6699779    3.64300847   3.61657834
   3.59067154   3.56527281   3.54036736   3.51594067   3.49197936
   3.4684701    3.44540024   3.42275786   3.40053058   3.37870765
   3.35727787   3.33623075   3.31555605   3.29524422   3.27528548
   3.25567102   3.23639178   3.21743941   3.19880533   3.18048191
   3.16246152   3.14473629   3.12729955   3.1101439    3.09326267
   3.07664943   3.06029797   3.04420185   3.02835536   3.01275253
   2.99738812   2.98225641   2.96735215   2.95267034   2.9382062
   2.92395473   2.90991116   2.8960712    2.88243055   2.86898446
   2.85572934   2.8426609    2.82977509   2.81706834   2.80453682
   2.79217696   2.77998519   2.7679584    2.75609279   2.74438548
   2.73283339   2.72143316   2.71018195   2.69907689   2.68811512
   2.67729378   2.66661048   2.65606236   2.64564681   2.63536143
   2.62520385   2.61517191   2.60526276   2.59547472   2.58580518
   2.57625198   2.56681347   2.55748701   2.54827118   2.53916383
   2.53016281   2.52126646   2.51247311   2.5037806    2.49518752
   2.48669219   2.47829294   2.46998787   2.46177554   2.45365477
   2.4456234    2.43768048   2.42982435   2.42205358   2.41436672
   2.4067626    2.39923978   2.39179707   2.38443303   2.37714648
   2.36993623   2.36280131   2.35574007   2.34875178   2.34183502
   2.33498907   2.32821226   2.32150412   2.31486344   2.30828929
   2.30178022   2.29533577   2.28895497   2.2826364    2.27637959
   2.27018356   2.26404762   2.25797033   2.25195146   2.2459898
   2.24008465   2.23423505   2.22844052   2.22270012   2.21701312
   2.21137881   2.20579648   2.20026541   2.19478464   2.1893537
   2.18397212   2.17863894   2.17335343   2.16811538   2.16292381
   2.15777802   2.15267777   2.14762211   2.14261055   2.13764286
   2.13271785   2.12783551   2.1229949    2.11819577   2.11343765
   2.10871959   2.10404158   2.09940267   2.09480262   2.09024096
   2.0857172    2.08123064   2.07678127   2.07236814   2.06799126
   2.06364965   2.05934358   2.05507183   2.05083466   2.04663134
   2.0424614    2.03832483   2.0342207    2.03014898   2.02610922
   2.02210093   2.01812387   2.01417756   2.01026201   2.00637627
   2.00252056   1.99869406   1.99489677   1.99112821   1.98738801
   1.98367608   1.97999191   1.97633517   1.97270572   1.9691031
   1.96552706   1.96197736   1.95845366   1.95495558   1.95148301
   1.9480356    1.9446131    1.94121528   1.93784165   1.93449223
   1.93116665   1.92786467   1.92458594   1.92133045   1.91809762
   1.91488755   1.91169977   1.90853417   1.90539038   1.90226841
   1.89916778   1.89608848   1.89303017   1.88999259   1.88697577
   1.8839792    1.88100278   1.87804639   1.87510979   1.87219274
   1.86929512   1.86641669   1.86355722   1.86071658   1.85789454
   1.85509098   1.85230565   1.84953845   1.84678912   1.84405756
   1.84134352   1.83864689   1.83596754   1.83330524   1.83065975
   1.82803118   1.82541907   1.82282341   1.82024395   1.81768072
   1.81513345   1.81260192   1.81008613   1.80758595   1.80510104
   1.80263138   1.80017686   1.79773736   1.79531252   1.79290259
   1.79050708   1.78812599   1.78575921   1.78340673   1.78106821
   1.77874351   1.77643275   1.77413559   1.77185202   1.76958191
   1.76732504   1.76508141   1.76285088   1.76063323   1.75842845
   1.75623655   1.75405717   1.7518903    1.74973595   1.74759376
   1.74546397   1.7433461    1.74124038   1.73914647   1.73706436
   1.73499393   1.73293507   1.73088777   1.72885191   1.72682738
   1.72481394   1.7228117    1.72082055   1.71884024   1.71687078
   1.71491218   1.71296418   1.71102679   1.70909977   1.70718336
   1.7052772    1.7033813    1.70149553   1.69961989   1.69775426
   1.69589853   1.69405258   1.69221652   1.69039011   1.68857324
   1.68676603   1.68496811   1.68317974   1.68140066   1.67963076
   1.67787004   1.67611849   1.67437589   1.67264223   1.67091751
   1.66920161   1.66749454   1.66579604   1.66410613   1.66242492
   1.66075206   1.65908778   1.65743172   1.65578401   1.65414464
   1.65251327   1.65089011   1.64927506   1.64766788   1.64606869
   1.64447749   1.64289391   1.6413182    1.63975024   1.63818979
   1.63663709   1.63509178   1.6335541    1.63202381   1.63050079
   1.62898517   1.62747681   1.62597573   1.62448168   1.6229949
   1.62151504   1.62004232   1.61857641   1.61711752   1.61566556
   1.61422026   1.61278176   1.61135006   1.60992503   1.60850656
   1.60709476   1.60568941   1.6042906    1.60289824   1.60151231
   1.6001327    1.59875929   1.59739232   1.59603155   1.59467685
   1.59332848   1.59198606   1.59064972   1.58931947   1.58799517
   1.58667672   1.58536434   1.58405769   1.58275688   1.58146191
   1.58017254   1.57888901   1.57761109   1.57633889   1.57507217
   1.57381105   1.57255542   1.57130527   1.57006061   1.56882143
   1.56758749   1.56635892   1.56513572   1.56391776   1.56270504
   1.56149745   1.5602951    1.55909789   1.55790579   1.55671883
   1.55553687   1.55435979   1.55318785   1.55202079   1.55085862
   1.54970133   1.54854894   1.54740131   1.54625857   1.54512048
   1.54398715   1.5428586    1.5417347    1.54061532   1.53950071
   1.53839064   1.53728509   1.53618407   1.53508759   1.53399563
   1.53290796   1.53182483   1.5307461    1.52967179   1.52860165
   1.52753592   1.52647448   1.52541733   1.52436435   1.52331567
   1.52227116   1.5212307    1.52019453   1.51916242   1.51813436
   1.51711035   1.51609039   1.51507449   1.51406252   1.51305461
   1.51205051   1.51105046   1.51005423   1.50906193   1.50807345
   1.50708878   1.50610805   1.50513101   1.50415766   1.50318813
   1.5022223    1.50126028   1.50030184   1.49934697   1.49839592
   1.49744833   1.49650443   1.4955641    1.49462724   1.49369407
   1.49276423   1.4918381    1.4909153    1.48999596   1.48908007
   1.48816764   1.48725855   1.4863528    1.48545051   1.48455155
   1.48365593   1.48276353   1.48187447   1.48098862   1.48010612
   1.47922683   1.47835076   1.47747779   1.47660804   1.47574151
   1.47487807   1.47401786   1.47316062   1.47230661   1.47145557
   1.47060764   1.46976268   1.46892083   1.46808195   1.46724617
   1.46641326   1.46558332   1.46475637   1.46393228   1.46311116
   1.46229303   1.46147764   1.46066523   1.45985556   1.45904887
   1.45824492   1.45744371   1.45664549   1.45584989   1.45505714
   1.45426702   1.45347977   1.45269525   1.45191336   1.4511342
   1.45035768   1.44958389   1.44881272   1.4480443    1.44727838
   1.44651508   1.44575441   1.44499636   1.44424081   1.44348788
   1.44273746   1.44198954   1.44124424   1.44050145   1.43976104
   1.43902326   1.43828785   1.43755496   1.43682444   1.43609643
   1.4353708    1.43464756   1.4339267    1.43320835   1.43249226
   1.43177855   1.43106723   1.43035829   1.42965162   1.42894733
   1.42824519   1.42754543   1.42684805   1.42615283   1.42545986
   1.42476916   1.42408073   1.42339456   1.42271054   1.42202878
   1.42134917   1.42067182   1.4199965    1.41932344   1.41865253
   1.41798377   1.41731715   1.41665256   1.41599023   1.41532993
   1.41467166   1.41401553   1.41336155   1.41270947   1.41205955
   1.41141164   1.41076589   1.41012204   1.40948021   1.40884042
   1.40820253   1.40756667   1.40693283   1.40630102   1.40567112
   1.40504313   1.40441704   1.40379298   1.40317082   1.40255046
   1.40193212   1.40131569   1.40070117   1.40008843   1.3994776
   1.39886868   1.39826155   1.39765632   1.39705288   1.39645123
   1.39585149   1.39525354   1.39465737   1.394063     1.39347041
   1.39287961   1.39229059   1.39170337   1.39111781   1.39053404
   1.38995206   1.38937175   1.38879323   1.38821638   1.38764119
   1.38706779   1.38649607   1.38592601   1.38535762   1.3847909
   1.38422585   1.38366246   1.38310075   1.3825407    1.38198221
   1.38142538   1.38087022   1.38031662   1.37976468   1.37921429
   1.37866545   1.37811828   1.37757266   1.37702858   1.37648606
   1.37594521   1.37540579   1.37486792   1.37433171   1.37379694
   1.37326372   1.37273192   1.3722018    1.37167311   1.37114584
   1.37062013   1.37009597   1.36957324   1.36905193   1.36853218
   1.36801386   1.36749697   1.36698151   1.3664676    1.365955
   1.36544394   1.36493421   1.3644259    1.36391914   1.36341369
   1.36290967   1.36240697   1.36190569   1.36140585   1.36090732
   1.36041021   1.35991454   1.35942006   1.35892713   1.35843539
   1.35794508   1.35745609   1.3569684    1.35648203   1.35599709
   1.35551333   1.35503101   1.35454988   1.35407019   1.35359168
   1.35311449   1.3526386    1.35216403   1.35169065   1.35121858
   1.35074782   1.35027826   1.34980989   1.34934294   1.34887707
   1.34841251   1.34794927   1.34748721   1.34702635   1.34656668
   1.3461082    1.34565103   1.34519506   1.34474027   1.34428668
   1.34383416   1.34338295   1.34293294   1.34248412   1.34203637
   1.34158981   1.34114456   1.34070027   1.34025729   1.33981538
   1.33937466   1.33893502   1.33849657   1.33805919   1.337623
   1.33718789   1.33675396   1.33632112   1.33588934   1.33545876
   1.33502924   1.33460081   1.33417344   1.33374727   1.33332205
   1.33289802   1.33247507   1.33205307   1.33163226   1.3312124
   1.33079374   1.33037603   1.32995939   1.32954383   1.32912934
   1.32871592   1.32830346   1.32789207   1.32748163   1.32707226
   1.32666397   1.32625663   1.32585037   1.32544506   1.32504082
   1.32463753   1.3242352    1.32383394   1.32343364   1.32303441
   1.32263601   1.32223868   1.32184231   1.32144701   1.32105255
   1.32065916   1.3202666    1.31987512   1.31948459   1.3190949
   1.31870627   1.31831849   1.31793177   1.31754589   1.31716096
   1.31677699   1.31639397   1.31601191   1.31563067   1.3152504
   1.31487107   1.31449258   1.31411505   1.31373847   1.31336272
   1.3129878    1.31261384   1.31224084   1.31186867   1.31149745
   1.31112707   1.31075752   1.31038892   1.31002116   1.30965424
   1.30928826   1.30892313   1.30855882   1.30819535   1.30783272
   1.30747104   1.30711019   1.30675006   1.30639088   1.30603254
   1.30567503   1.30531836   1.30496252   1.30460751   1.30425334
   1.30389988   1.30354738   1.3031956    1.30284476   1.30249465
   1.30214536   1.30179679   1.30144918   1.30110228   1.3007561
   1.30041087   1.30006635   1.29972255   1.29937971   1.29903758
   1.29869616   1.29835558   1.29801571   1.29767668   1.29733849
   1.297001     1.29666424   1.29632819   1.29599297   1.29565859
   1.29532492   1.29499197   1.29465973   1.29432833   1.29399753
   1.29366755   1.29333842   1.29300988   1.29268217   1.29235518
   1.29202878   1.29170322   1.29137838   1.29105437   1.29073095
   1.29040825   1.29008627   1.289765     1.28944457   1.28912473
   1.2888056    1.2884872    1.28816938   1.28785241   1.28753603
   1.28722048   1.28690553   1.28659129   1.28627777   1.28596485
   1.28565264   1.28534114   1.28503036   1.28472018   1.28441072
   1.28410184   1.28379381   1.28348625   1.28317952   1.28287339
   1.28256786   1.28226304   1.28195882   1.28165531   1.28135252
   1.28105032   1.28074872   1.28044784   1.28014755   1.27984798
   1.279549     1.27925062   1.27895296   1.27865589   1.27835941
   1.27806354   1.27776837   1.27747381   1.27717996   1.27688658
   1.27659392   1.27630186   1.27601039   1.27571952   1.27542925
   1.27513969   1.27485073   1.27456224   1.27427447   1.27398729
   1.27370071   1.27341461   1.27312922   1.27284443   1.27256024
   1.27227664   1.27199364   1.27171111   1.2714293    1.27114797
   1.27086735   1.27058721   1.27030766   1.27002871   1.26975036
   1.2694726    1.26919532   1.26891863   1.26864254   1.26836705
   1.26809204   1.26781762   1.26754379   1.26727057   1.26699781
   1.26672566   1.26645398   1.2661829    1.26591241   1.26564252
   1.26537311   1.26510417   1.26483583   1.26456809   1.26430082
   1.26403415   1.26376796   1.26350236   1.26323724   1.26297271
   1.26270866   1.26244521   1.26218224   1.26191974   1.26165783]","[132.46264648  65.46333313  44.31047058  33.30563736  28.9246788
  22.71293831  19.94108772  17.78061295  15.5392437   14.08841228
  12.8722477   12.16654015  11.78718376  10.52930641  10.03392506
   9.17401981   9.04433632   8.16084862   7.79454994   7.46670294
   7.1780076    7.22343493   6.86941338   6.52405405   6.43811893
   6.14235163   5.81224632   5.65061903   5.59322166   5.47578478
   5.24902391   5.14501572   5.0241847    4.80955458   4.74232721
   4.75590706   4.55737114   4.47712421   4.35335875   4.30076122
   4.17648888   4.09916449   4.10950756   4.01839256   3.97487307
   3.86045003   3.85056877   3.76348972   3.70320129   3.60381961
   3.65884972   3.51152396   3.44062686   3.45393658   3.43307328
   3.31313753   3.38175893   3.30719066   3.207371     3.19413328
   3.145262     3.08724666   3.13305187   3.05386877   2.95370579
   2.97857094   2.93871284   2.92808437   2.92038679   2.92677259
   2.8455224    2.78978658   2.81345177   2.76311851   2.78899646
   2.75039744   2.73878193   2.68187332   2.69560719   2.6663568
   2.59759808   2.60946441   2.63724637   2.55000544   2.56242132
   2.56446528   2.58293128   2.45569921   2.4832952    2.43268991
   2.40359068   2.4569571    2.44620156   2.43239212   2.38352656
   2.39412999   2.34196162   2.33256245   2.31370354   2.28280187
   2.34033871   2.29500079   2.28308082   2.28221273   2.29398847
   2.24061608   2.25500679   2.23149538   2.23128223   2.20675349
   2.25857472   2.14980054   2.14855719   2.16563773   2.14393473
   2.16142225   2.11274147   2.13391519   2.11495829   2.10414958
   2.09202671   2.07254267   2.05402875   2.05132771   2.06618595
   2.0241313    2.01695824   2.03326726   2.0399251    2.00581241
   2.05110741   1.99569035   2.02734542   1.99246168   1.9875766
   2.02077079   2.00352073   1.96540439   1.9216814    1.96931195
   1.93332863   1.9341439    1.94286466   1.91579139   1.91987562
   1.90457106   1.88662994   1.88055456   1.87993383   1.86032045
   1.86555529   1.88434315   1.85927033   1.85609472   1.85751128
   1.86901581   1.81712019   1.83424902   1.81935489   1.8606627
   1.84449697   1.81808698   1.80128396   1.78066361   1.80600417
   1.79412425   1.799914     1.78239369   1.78896987   1.7732873
   1.76150084   1.77505243   1.76187658   1.78114402   1.75802457
   1.74898577   1.73824108   1.73683047   1.74011421   1.75710452
   1.73547804   1.7270987    1.72309685   1.73960614   1.70630479
   1.70742357   1.70043766   1.69349551   1.69104838   1.68635035
   1.69147575   1.67415607   1.69948757   1.66898215   1.66990578
   1.67601693   1.69779754   1.66350961   1.64880955   1.66947842
   1.65101218   1.64464259   1.64032078   1.64550197   1.66295731
   1.6415875    1.62276745   1.62663257   1.64131534   1.62648535
   1.65157878   1.63591611   1.62531316   1.62558806   1.59643316
   1.59905398   1.614308     1.60971665   1.60127234   1.60831535
   1.59329402   1.59502625   1.59120035   1.58237684   1.57858288
   1.57087791   1.57791209   1.57001936   1.57942677   1.56919718
   1.57144368   1.56817544   1.55922842   1.55424488   1.56101274
   1.56994784   1.57502413   1.54981494   1.54575133   1.56099319
   1.54796422   1.57465386   1.53786623   1.55039907   1.55623507
   1.55061448   1.52109122   1.52769125   1.51991475   1.53570652
   1.53197896   1.50662231   1.51319647   1.51478863   1.50844181
   1.50838828   1.50496936   1.52269876   1.49982667   1.50179827
   1.524351     1.5232991    1.4963733    1.50495028   1.50183845
   1.48533809   1.4944334    1.49341881   1.49142432   1.49633658
   1.47553825   1.50048912   1.48341966   1.48234749   1.47923601
   1.46998703   1.45499635   1.48795784   1.46562707   1.47552693
   1.45781803   1.46739805   1.46911192   1.47095251   1.46295476
   1.46801412   1.45322609   1.45598316   1.45631588   1.46927905
   1.45690799   1.44783628   1.4441092    1.45317578   1.44831634
   1.43530238   1.45291829   1.44461894   1.44229364   1.44052017
   1.43742788   1.42402589   1.42843461   1.42563105   1.44287026
   1.42161429   1.43461919   1.42068183   1.42212439   1.42589438
   1.4292866    1.41649663   1.42110157   1.41848886   1.41076374
   1.41152859   1.4113977    1.40551138   1.42229235   1.42209888
   1.42212975   1.41674352   1.40288472   1.43232882   1.40840065
   1.41032267   1.40102208   1.40100598   1.40618348   1.39709044
   1.39999449   1.40225494   1.40036488   1.38855195   1.39564633
   1.41009367   1.40113187   1.39129269   1.39821684   1.39259005
   1.38587797   1.39813995   1.3869127    1.37549889   1.38095427
   1.37097466   1.38381302   1.37484014   1.38311601   1.374879
   1.37512314   1.36683273   1.36553204   1.38276756   1.36286199
   1.3779012    1.37456572   1.35438871   1.35973608   1.37107015
   1.35344398   1.36090934   1.36567378   1.36532819   1.35951567
   1.34948111   1.36894441   1.36748683   1.36308873   1.34711993
   1.35897124   1.3514117    1.3531332    1.36214554   1.34755301
   1.35234773   1.35002184   1.35465038   1.35819638   1.35191119
   1.33863509   1.33746529   1.34575939   1.33477104   1.34841847
   1.33395183   1.33717775   1.34053922   1.34587145   1.33938134
   1.3559767    1.34005654   1.35030293   1.32913888   1.33115327
   1.33915675   1.32726777   1.32916403   1.32893896   1.33282018
   1.33300519   1.32739222   1.32263517   1.32701635   1.32548046
   1.32141018   1.31687117   1.33648324   1.32117414   1.32467628
   1.32021439   1.32277775   1.32664394   1.31348264   1.32930684
   1.31638336   1.32158756   1.31643391   1.31193078   1.31451285
   1.30267525   1.30775464   1.32093453   1.310184     1.32245374
   1.31065071   1.3294456    1.3233397    1.30941498   1.29959178
   1.30718565   1.30040109   1.29923439   1.2994951    1.30428576
   1.29945827   1.30662858   1.3018682    1.30099857   1.30245972
   1.29096639   1.29662454   1.29883671   1.28832078   1.29342902
   1.29417872   1.29017425   1.29382265   1.29575861   1.29301178
   1.29205203   1.28895557   1.2952615    1.28885102   1.28875446
   1.29934764   1.28507984   1.2826966    1.28028703   1.28824687
   1.28422558   1.2858634    1.27996421   1.29174721   1.27907455
   1.28399599   1.29390252   1.28888905   1.28259766   1.28321624
   1.27569234   1.28299427   1.27996337   1.27494156   1.27175701
   1.27041256   1.27774644   1.27820718   1.27505577   1.26848376
   1.28361511   1.26949704   1.26884508   1.26964641   1.27404273
   1.26790071   1.28042138   1.27474809   1.28013659   1.26551473
   1.27482235   1.25871289   1.27050519   1.26938081   1.27247751
   1.26090503   1.27044559   1.26737845   1.27123618   1.2554642
   1.26079059   1.25634229   1.25983584   1.25731504   1.2685101
   1.26408029   1.25497377   1.25413048   1.25741386   1.25535262
   1.25379634   1.25737894   1.2640723    1.25741565   1.25464272
   1.24854147   1.2526201    1.25141311   1.25117385   1.24947834
   1.24979365   1.25491726   1.25508535   1.25310206   1.25545812
   1.25183952   1.24926615   1.24454558   1.25348437   1.25010097
   1.23615158   1.2466253    1.24579787   1.24978745   1.25112045
   1.24132192   1.24459255   1.24734867   1.2445513    1.24162853
   1.25205934   1.23955202   1.2459985    1.24104917   1.23526871
   1.2390573    1.24022126   1.24192274   1.24435258   1.2345674
   1.23349822   1.23036504   1.24464667   1.2427187    1.23380828
   1.23634684   1.2365073    1.23285639   1.24485517   1.24676681
   1.23772454   1.23812175   1.23487699   1.22918141   1.23167336
   1.23943222   1.24278736   1.22952795   1.23472035   1.23267913
   1.22437322   1.22944689   1.22625673   1.23372281   1.22211611
   1.22769916   1.22500873   1.23963213   1.22568417   1.23029661
   1.2253648    1.22432876   1.23269784   1.22184885   1.21829498
   1.23004973   1.22594321   1.22868788   1.22536206   1.22133219
   1.22061777   1.22151899   1.22607565   1.2163043    1.21579373
   1.21639836   1.2226373    1.22068846   1.22428179   1.21972167
   1.21767795   1.22651005   1.2284745    1.2150948    1.21998155
   1.22257066   1.21488988   1.22235024   1.21094346   1.21684515
   1.21355522   1.22028029   1.21254671   1.21508908   1.21346676
   1.22040749   1.21976769   1.21537375   1.21227312   1.2148304
   1.21136558   1.20588493   1.21520185   1.21005142   1.21538007
   1.20676649   1.21720803   1.2060256    1.21211672   1.21410453
   1.20284522   1.20648861   1.21009541   1.21189845   1.21201408
   1.20919311   1.21230876   1.20688951   1.2138629    1.20427799
   1.19968951   1.20874381   1.2077173    1.20317447   1.20437074
   1.20515633   1.20101142   1.20782065   1.19848132   1.19919682
   1.19796526   1.20056272   1.20614898   1.20373321   1.21027958
   1.20480216   1.20650423   1.20631397   1.20287061   1.20211983
   1.19702888   1.19680846   1.19889772   1.20037985   1.19679713
   1.19381177   1.19620931   1.19651461   1.19349146   1.1892519
   1.19594264   1.19894612   1.19574952   1.19229126   1.19867349
   1.19958818   1.19456697   1.19669175   1.1938045    1.19557083
   1.19090748   1.19569504   1.19460642   1.19628978   1.19392622
   1.19510293   1.19511187   1.19090652   1.19529307   1.19375074
   1.19070005   1.19177663   1.19577062   1.18575609   1.18907738
   1.18890631   1.18401885   1.1840024    1.18494093   1.18405366
   1.19289994   1.19128191   1.18317711   1.18615687   1.18531275
   1.18177211   1.18327987   1.18475187   1.18502605   1.18675363
   1.18948841   1.18566668   1.18542671   1.18140173   1.18849647
   1.18385041   1.18621123   1.18406522   1.18781269   1.18328905
   1.18289447   1.18250203   1.18059349   1.18262541   1.1839056
   1.17884958   1.18572199   1.18088067   1.18252504   1.18214273
   1.17748559   1.18178952   1.17925787   1.18681192   1.17742479
   1.1749264    1.17415202   1.18046844   1.17910624   1.18269897
   1.17901027   1.17912078   1.17700684   1.18311691   1.17728412
   1.17955065   1.17469335   1.17500865   1.17996824   1.17437136
   1.17488337   1.17824423   1.1786828    1.17048573   1.17321956
   1.17846477   1.17317533   1.17077518   1.17246425   1.1707679
   1.17376339   1.18074572   1.17452741   1.17249906   1.16711628
   1.17141688   1.17275453   1.17030108   1.17399335   1.1710043
   1.16664076   1.17303264   1.16833854   1.17008972   1.17083287
   1.16578829   1.17017329   1.16704714   1.17161465   1.16480005
   1.16841364   1.16815019   1.1627425    1.16831732   1.16824293
   1.17330325   1.16635001   1.17229176   1.17101216   1.16731811
   1.16568887   1.16570485   1.16620994   1.16477835   1.16349459
   1.16601837   1.16325593   1.1649009    1.16512489   1.15952933
   1.16147161   1.16487145   1.16338158   1.17173207   1.16936159
   1.16130364   1.16095006   1.16478515   1.16242862   1.16715515
   1.17066574   1.16268241   1.16163719   1.16096509   1.16041124
   1.16455674   1.16144073   1.15972221   1.15928292   1.1591723
   1.1607101    1.1620518    1.15483809   1.16232777   1.1627959
   1.1584388    1.16128051   1.1600858    1.16130984   1.16080737
   1.15884924   1.15669668   1.15814888   1.15389478   1.16148114
   1.15533721   1.15988243   1.15777898   1.15939569   1.15452683
   1.1565516    1.15505075   1.15434611   1.15196073   1.15297532
   1.15471232   1.1516062    1.15189147   1.15269101   1.15143597
   1.15611184   1.15646231   1.15168488   1.15040326   1.15562367
   1.15290046   1.1574223    1.15198588   1.15175843   1.14646494
   1.15276968   1.15356183   1.15400004   1.15182173   1.14901757
   1.15539467   1.14977336   1.15305758   1.15372753   1.1532855
   1.15136886   1.14797986   1.15265799   1.15093565   1.15325463
   1.149369     1.14642894   1.15660584   1.15211272   1.14666092
   1.14562643   1.15066183   1.14867282   1.15090668   1.14665723
   1.14789188   1.14873433   1.14952719   1.14538133   1.14799976
   1.1492852    1.1464361    1.14868915   1.14708912   1.14688718
   1.1430881    1.14486539   1.14750636   1.14320791   1.14423716
   1.14608753   1.14174521   1.14527535   1.14309359   1.14375401
   1.14510453   1.14527202   1.14714098   1.14352989   1.14576399
   1.14244199   1.14773965   1.14548993   1.13930655   1.1400044
   1.14293051   1.14245152   1.14629948   1.14377284   1.14486933
   1.14330375   1.15168667   1.1431911    1.1390903    1.14173687
   1.14276779   1.14199185   1.14097524   1.14172089   1.13745582
   1.14196479   1.14235711   1.14115262   1.14111602   1.14333308
   1.14105499   1.1448369    1.13835871   1.14188039   1.13929534
   1.13870192   1.14183176   1.13935483   1.14188087   1.14140379
   1.13952756   1.13496673   1.14131701   1.13938463   1.13613713
   1.1392622    1.13752031   1.13620222   1.13901412   1.13592458
   1.13535118   1.1363014    1.13876414   1.14332044   1.13788617
   1.13863254   1.14365637   1.13667536   1.13775218   1.13353598
   1.13615692   1.14198351   1.13841927   1.14245462   1.13113308
   1.13141596   1.13246477   1.13438547   1.13422108   1.13436687
   1.13292098   1.13485813   1.13517475   1.13443792   1.13842678
   1.1384728    1.13427138   1.13564181   1.13059592   1.13574469
   1.13432682   1.13322008   1.13305128   1.13122785   1.13532448
   1.12971687   1.13511693   1.13502765   1.13720667   1.13057613
   1.13215947   1.13221884   1.13388765   1.1326896    1.13132048]"
